<?xml version="1.0" encoding="UTF-8" standalone="no"?><TaskList Version="2.0"><Task Active="false" ConnectorKind="local" CreationDate="2012-05-06 11:26:23.65 +0200" DueDate="" EndDate="" Estimated="0" Handle="local-6" IssueURL="" Kind="task" Label="[postponed] Favoriting notes from list" LastModified="now" MarkReadPending="false" ModificationDate="" Notes="- possibility to mark a note as Favorite (star)&#13;&#10;- in both the notes list and note detail&#13;&#10;- not favorite: empty star image; favorite: filled star img.&#13;&#10;&#13;&#10;&#13;&#10;=&gt; not sure. Perhaps Favoriting in note detail as of now is enough" NotifiedIncoming="true" Owner="local" Priority="P3" Reminded="false" RepositoryUrl="local" ScheduledEndDate="2012-05-12 23:59:59.999 +0200" ScheduledStartDate="2012-05-06 00:00:00.0 +0200" Stale="false" TaskId="6" offlineSyncState="SYNCHRONIZED"/><Task Active="false" ConnectorKind="local" CreationDate="2012-05-06 21:56:46.704 +0200" DueDate="" EndDate="" Estimated="0" Handle="local-11" IssueURL="" Kind="task" Label="Replace online references to e.g. javascripts" LastModified="now" MarkReadPending="false" ModificationDate="" Notes="No &lt;script&gt; references to online resources like jquery. It must be able to run offline!&#13;&#10;" NotifiedIncoming="true" Owner="local" Priority="P3" Reminded="false" RepositoryUrl="local" ScheduledEndDate="2012-05-12 23:59:59.999 +0200" ScheduledStartDate="2012-05-06 00:00:00.0 +0200" Stale="false" TaskId="11" offlineSyncState="SYNCHRONIZED"/><Task Active="false" ConnectorKind="local" CreationDate="2012-05-07 17:40:43.555 +0200" DueDate="" EndDate="2012-05-11 19:01:46.645 +0200" Estimated="0" Handle="local-19" IssueURL="" Kind="task" Label="Tags in lower case" LastModified="now" MarkReadPending="false" ModificationDate="" Notes="- convert tag names to lower case&#13;&#10;- when creating a tag, if such one already exists (in lower case), just ignore the situation. This app needs to make user's life efficient and not be too much talkative&#13;&#10;&#13;&#10;" NotifiedIncoming="true" Owner="local" Priority="P3" Reminded="false" RepositoryUrl="local" ScheduledEndDate="2012-05-12 23:59:59.999 +0200" ScheduledStartDate="2012-05-06 00:00:00.0 +0200" Stale="false" TaskId="19" offlineSyncState="SYNCHRONIZED"/><Task Active="false" ConnectorKind="local" CreationDate="2012-05-11 20:15:42.960 +0200" DueDate="" EndDate="" Estimated="0" Handle="local-32" IssueURL="" Kind="task" Label="Common Cancel action" LastModified="now" MarkReadPending="false" ModificationDate="" Notes="- for all Cancel buttons just a class .cancel and 1 common event" NotifiedIncoming="true" Owner="local" Priority="P3" Reminded="false" RepositoryUrl="local" ScheduledEndDate="2012-05-12 23:59:59.999 +0200" ScheduledStartDate="2012-05-06 00:00:00.0 +0200" Stale="false" TaskId="32" offlineSyncState="SYNCHRONIZED"/><Task Active="false" ConnectorKind="local" CreationDate="2012-05-06 22:22:32.909 +0200" DueDate="" EndDate="" Estimated="0" Handle="local-14" IssueURL="" Kind="task" Label="Test: now the DB is a global var opened just once " LastModified="now" MarkReadPending="false" ModificationDate="" Notes="... test whether it is OK and DB keeps open after a long time (next day).&#13;&#10;Otherwise change to open database before every DB operation" NotifiedIncoming="true" Owner="local" Priority="P3" Reminded="false" RepositoryUrl="local" ScheduledEndDate="2012-05-12 23:59:59.999 +0200" ScheduledStartDate="2012-05-06 00:00:00.0 +0200" Stale="false" TaskId="14" offlineSyncState="SYNCHRONIZED"/><Task Active="false" ConnectorKind="local" CreationDate="2012-05-11 19:16:21.327 +0200" DueDate="" EndDate="" Estimated="0" Handle="local-31" IssueURL="" Kind="task" Label="Implement Search" LastModified="now" MarkReadPending="false" ModificationDate="" Notes="... and unhide the Search buttons" NotifiedIncoming="true" Owner="local" Priority="P3" Reminded="false" RepositoryUrl="local" ScheduledEndDate="2012-05-12 23:59:59.999 +0200" ScheduledStartDate="2012-05-06 00:00:00.0 +0200" Stale="false" TaskId="31" offlineSyncState="SYNCHRONIZED"/><Task Active="false" ConnectorKind="local" CreationDate="2012-05-07 18:55:10.223 +0200" DueDate="" EndDate="2012-05-11 19:03:24.890 +0200" Estimated="0" Handle="local-20" IssueURL="" Kind="task" Label="Rename DB name: include com.solucs prefix" LastModified="now" MarkReadPending="false" ModificationDate="" Notes="just to be sure to avoid collisions&#13;&#10;&#13;&#10;[radek 2012-05-11] done, new DB name: com.solucs.mm_notes" NotifiedIncoming="true" Owner="local" Priority="P3" Reminded="false" RepositoryUrl="local" ScheduledEndDate="2012-05-12 23:59:59.999 +0200" ScheduledStartDate="2012-05-06 00:00:00.0 +0200" Stale="false" TaskId="20" offlineSyncState="SYNCHRONIZED"/><Task Active="false" ConnectorKind="local" CreationDate="2012-05-06 15:08:35.76 +0200" DueDate="" EndDate="" Estimated="0" Handle="local-7" IssueURL="" Kind="task" Label="DB references" LastModified="now" MarkReadPending="false" ModificationDate="" Notes="Implement/improve&#13;&#10;foreign keys, cascade deletes, ON DELETE, etc.?" NotifiedIncoming="true" Owner="local" Priority="P3" Reminded="false" RepositoryUrl="local" ScheduledEndDate="2012-05-12 23:59:59.999 +0200" ScheduledStartDate="2012-05-06 00:00:00.0 +0200" Stale="false" TaskId="7" offlineSyncState="SYNCHRONIZED"/><Task Active="false" ConnectorKind="local" CreationDate="2012-05-09 20:26:00.373 +0200" DueDate="" EndDate="" Estimated="0" Handle="local-26" IssueURL="" Kind="task" Label="Data integrity???" LastModified="now" MarkReadPending="false" ModificationDate="" Notes="I stored by a mistake &quot;undefined&quot; into notes.tags.note_id!!! It is defined as&#13;&#10;  note_id INTEGER&#13;&#10;  FOREIGN KEY(note_id) REFERENCES notes(id)&#13;&#10;&#13;&#10;&#13;&#10;Shitty Phonegap? Or SQLite? Or HTML 5 in Chrome? Or...?&#13;&#10;" NotifiedIncoming="true" Owner="local" Priority="P3" Reminded="false" RepositoryUrl="local" ScheduledEndDate="2012-05-12 23:59:59.999 +0200" ScheduledStartDate="2012-05-06 00:00:00.0 +0200" Stale="false" TaskId="26" offlineSyncState="SYNCHRONIZED"/><Task Active="false" ConnectorKind="local" CreationDate="2012-05-08 16:43:12.134 +0200" DueDate="" EndDate="" Estimated="0" Handle="local-22" IssueURL="" Kind="task" Label="Synchro options" LastModified="now" MarkReadPending="false" ModificationDate="" Notes="- how often&#13;&#10;- also possible Synchronize only via WiFi" NotifiedIncoming="true" Owner="local" Priority="P3" Reminded="false" RepositoryUrl="local" ScheduledEndDate="2012-05-12 23:59:59.999 +0200" ScheduledStartDate="2012-05-06 00:00:00.0 +0200" Stale="false" TaskId="22" offlineSyncState="SYNCHRONIZED"/><Task Active="false" ConnectorKind="local" CreationDate="2012-05-05 16:30:55.110 +0200" DueDate="" EndDate="" Estimated="0" Handle="local-4" IssueURL="" Kind="task" Label="Star/Favorite icon for Notes" LastModified="now" MarkReadPending="false" ModificationDate="" Notes="- Prepare star icons for notes&#13;&#10;- 2 versions: star set and not set (like in gmail)&#13;&#10;- they will be visible in the Note list page and in Note detail page&#13;&#10;- perhaps some reuse from http://glyphish.com/&#13;&#10;- staring probably not possible from the list: click on a note means Show the note&#13;&#10;" NotifiedIncoming="true" Owner="local" Priority="P3" Reminded="false" RepositoryUrl="local" ScheduledEndDate="2012-05-05 23:59:59.999 +0200" ScheduledStartDate="2012-04-29 00:00:00.0 +0200" Stale="false" TaskId="4" offlineSyncState="SYNCHRONIZED"/><Task Active="false" ConnectorKind="local" CreationDate="2012-05-06 15:38:53.303 +0200" DueDate="" EndDate="" Estimated="0" Handle="local-8" IssueURL="" Kind="task" Label="Add logging, clear alert()" LastModified="now" MarkReadPending="false" ModificationDate="" Notes="- try to use some phonegap logging (if exists)&#13;&#10;- remove alert(), replace it with phonegap's navigator.notification.alert" NotifiedIncoming="true" Owner="local" Priority="P3" Reminded="false" RepositoryUrl="local" ScheduledEndDate="2012-05-12 23:59:59.999 +0200" ScheduledStartDate="2012-05-06 00:00:00.0 +0200" Stale="false" TaskId="8" offlineSyncState="SYNCHRONIZED"/><Task Active="false" ConnectorKind="local" CreationDate="2012-05-07 15:58:40.552 +0200" DueDate="" EndDate="" Estimated="0" Handle="local-17" IssueURL="" Kind="task" Label="Context menus/taphold/longpress" LastModified="now" MarkReadPending="false" ModificationDate="" Notes="-  on notes in noteList, tagList, favList, ...&#13;&#10;&#13;&#10;---&#13;&#10;e.g.:&#13;&#10;3 options in menu:&#13;&#10;- delete&#13;&#10;- edit&#13;&#10;- un/favorite&#13;&#10;&#13;&#10;- just shortcuts to already existing functionalities as in View and Edit pages&#13;&#10;&#13;&#10;Just these 3, we don't need View as it is a simple 1 click&#13;&#10;---&#13;&#10;&#13;&#10;jQM: event: taphold&#13;&#10;" NotifiedIncoming="true" Owner="local" Priority="P3" Reminded="false" RepositoryUrl="local" ScheduledEndDate="2012-05-12 23:59:59.999 +0200" ScheduledStartDate="2012-05-06 00:00:00.0 +0200" Stale="false" TaskId="17" offlineSyncState="SYNCHRONIZED"/><Task Active="false" ConnectorKind="local" CreationDate="2012-05-11 19:15:40.10 +0200" DueDate="" EndDate="" Estimated="0" Handle="local-30" IssueURL="" Kind="task" Label="Hide Search everywhere, will be in next iteration" LastModified="now" MarkReadPending="false" ModificationDate="" Notes="But hide after the MM features are complete not to mess the future layout" NotifiedIncoming="true" Owner="local" Priority="P3" Reminded="false" RepositoryUrl="local" ScheduledEndDate="2012-05-12 23:59:59.999 +0200" ScheduledStartDate="2012-05-06 00:00:00.0 +0200" Stale="false" TaskId="30" offlineSyncState="SYNCHRONIZED"/><Task Active="false" ConnectorKind="local" CreationDate="2012-05-06 22:17:21.628 +0200" DueDate="" EndDate="" Estimated="0" Handle="local-13" IssueURL="" Kind="task" Label="Quota on user data - server" LastModified="now" MarkReadPending="false" ModificationDate="" Notes="- implement some quota (e.g. number of notes + size of multimedia data)&#13;&#10;- perhaps premium users (paying) can have the quota higher&#13;&#10;" NotifiedIncoming="true" Owner="local" Priority="P3" Reminded="false" RepositoryUrl="local" ScheduledEndDate="2012-05-12 23:59:59.999 +0200" ScheduledStartDate="2012-05-06 00:00:00.0 +0200" Stale="false" TaskId="13" offlineSyncState="SYNCHRONIZED"/><Task Active="false" ConnectorKind="local" CreationDate="2012-05-07 16:40:52.909 +0200" DueDate="" EndDate="" Estimated="0" Handle="local-18" IssueURL="" Kind="task" Label="Reminder" LastModified="now" MarkReadPending="false" ModificationDate="" Notes="- possible to Add to calendar? Supported by Phonegap?&#13;&#10;- of course there are no intents so the calendar cannot call my app to show the note, but the note can be saved to the calendar&#13;&#10;- careful, when updating a note that is in a calendar, also the Cal entry has to be updated!&#13;&#10;" NotifiedIncoming="true" Owner="local" Priority="P3" Reminded="false" RepositoryUrl="local" ScheduledEndDate="2012-05-12 23:59:59.999 +0200" ScheduledStartDate="2012-05-06 00:00:00.0 +0200" Stale="false" TaskId="18" offlineSyncState="SYNCHRONIZED"/><Task Active="false" ConnectorKind="local" CreationDate="2012-05-05 16:22:57.540 +0200" DueDate="" EndDate="" Estimated="0" Handle="local-3" IssueURL="" Kind="task" Label="Switch Local Eclipse tasks to Mylyn &amp; Redmine" LastModified="now" MarkReadPending="false" ModificationDate="" Notes="- after the server is ready&#13;&#10;" NotifiedIncoming="true" Owner="local" Priority="P3" Reminded="false" RepositoryUrl="local" ScheduledEndDate="2012-05-19 23:59:59.999 +0200" ScheduledStartDate="2012-05-13 00:00:00.0 +0200" Stale="false" TaskId="3" offlineSyncState="SYNCHRONIZED"/><Task Active="false" ConnectorKind="local" CreationDate="2012-05-06 20:03:49.453 +0200" DueDate="" EndDate="" Estimated="0" Handle="local-9" IssueURL="" Kind="task" Label="Reuse mobile UI for server side?" LastModified="now" MarkReadPending="false" ModificationDate="" Notes="For the server side, I can use the same UI as for mobiles - thanks to JQM. So refactor the mobile app JS: &quot;layerize&quot; it, separate mobile-specific stuff like DB" NotifiedIncoming="true" Owner="local" Priority="P3" Reminded="false" RepositoryUrl="local" ScheduledEndDate="2012-05-12 23:59:59.999 +0200" ScheduledStartDate="2012-05-06 00:00:00.0 +0200" Stale="false" TaskId="9" offlineSyncState="SYNCHRONIZED"/><Task Active="false" ConnectorKind="local" CreationDate="2012-05-09 13:01:03.247 +0200" DueDate="" EndDate="" Estimated="0" Handle="local-23" IssueURL="" Kind="task" Label="Refactor JS" LastModified="now" MarkReadPending="false" ModificationDate="" Notes="- There can be just 1 event handler for all dialog Cancel buttons. Use .class to identify the buttons, id is not necessary. $(this).closest(&quot;.ui-dialog&quot;).dialog(&quot;close&quot;);&#13;&#10;" NotifiedIncoming="true" Owner="local" Priority="P3" Reminded="false" RepositoryUrl="local" ScheduledEndDate="2012-05-12 23:59:59.999 +0200" ScheduledStartDate="2012-05-06 00:00:00.0 +0200" Stale="false" TaskId="23" offlineSyncState="SYNCHRONIZED"/><Task Active="false" ConnectorKind="local" CreationDate="2012-05-05 16:20:45.684 +0200" DueDate="2012-05-10 00:00:00.0 +0200" EndDate="" Estimated="2" Handle="local-2" IssueURL="" Kind="task" Label="Prepare server" LastModified="now" MarkReadPending="false" ModificationDate="" Notes="- The server will be used for both apps and also &quot;operational stuff&quot;, e.g. issue tracking, versioning&#13;&#10;- http://www.vscloud.cz/&#13;&#10;&#13;&#10;" NotifiedIncoming="true" Owner="local" Priority="P3" Reminded="false" RepositoryUrl="local" ScheduledEndDate="2012-05-12 23:59:59.999 +0200" ScheduledStartDate="2012-05-06 00:00:00.0 +0200" Stale="false" TaskId="2" offlineSyncState="SYNCHRONIZED"/><Task Active="false" ConnectorKind="local" CreationDate="2012-05-09 20:49:41.552 +0200" DueDate="" EndDate="2012-05-11 19:04:21.437 +0200" Estimated="0" Handle="local-27" IssueURL="" Kind="task" Label="Possible to Favorite a new note" LastModified="now" MarkReadPending="false" ModificationDate="" Notes="It should be possible to mark even a newly created note as a favorite.&#13;&#10;&#13;&#10;.... so &#13;&#10;  - uncomment hinding the button when mode == new&#13;&#10;  - change persistNewNote: now it always sets favorite=0&#13;&#10;&#13;&#10;&#13;&#10;[radek 2012-05-11] done" NotifiedIncoming="true" Owner="local" Priority="P3" Reminded="false" RepositoryUrl="local" ScheduledEndDate="2012-05-12 23:59:59.999 +0200" ScheduledStartDate="2012-05-06 00:00:00.0 +0200" Stale="false" TaskId="27" offlineSyncState="SYNCHRONIZED"/><Task Active="false" ConnectorKind="local" CreationDate="2012-05-09 18:15:29.918 +0200" DueDate="" EndDate="" Estimated="0" Handle="local-24" IssueURL="" Kind="task" Label="Synchro - time zones" LastModified="now" MarkReadPending="false" ModificationDate="" Notes="Make sure we are using same time zone on server and the client device when synchronizing to know which side contains the most recent data!&#13;&#10;Maybe use everywhere GMT?" NotifiedIncoming="true" Owner="local" Priority="P3" Reminded="false" RepositoryUrl="local" ScheduledEndDate="2012-05-12 23:59:59.999 +0200" ScheduledStartDate="2012-05-06 00:00:00.0 +0200" Stale="false" TaskId="24" offlineSyncState="SYNCHRONIZED"/><Task Active="false" ConnectorKind="local" CreationDate="2012-05-10 19:44:43.635 +0200" DueDate="" EndDate="" Estimated="0" Handle="local-28" IssueURL="" Kind="task" Label="Secured items?" LastModified="now" MarkReadPending="false" ModificationDate="" Notes="" NotifiedIncoming="true" Owner="local" Priority="P3" Reminded="false" RepositoryUrl="local" ScheduledEndDate="2012-05-12 23:59:59.999 +0200" ScheduledStartDate="2012-05-06 00:00:00.0 +0200" Stale="false" TaskId="28" offlineSyncState="SYNCHRONIZED"/><Task Active="false" ConnectorKind="local" CreationDate="2012-05-08 16:18:57.374 +0200" DueDate="" EndDate="" Estimated="0" Handle="local-21" IssueURL="" Kind="task" Label="Merketing" LastModified="now" MarkReadPending="false" ModificationDate="" Notes="Model:&#13;&#10;- jen 1 verze (pochopitelne 1 pro Android, 1 pro iPhone); ne 1 light, 1 full, atd. =&gt; snazsi maintenance&#13;&#10;- pokud uzivatel nic neplati, zobrazuje se mu reklama. Muze synchronizovat se serverem, ale jen omezeny pocet poznamek a multimedii&#13;&#10;- pokud si plati, musi mit ucet na serveru a tam ma v profilu oznaceno, ze je to platic. Pak se mu reklama nezobrazuje a muze zalohovat vic poznamek, multimedii&#13;&#10;- *** ale mozna je pro uzivatele snazsi a z jejich pohledu bezpecnejsi, kdyz zaplati aposku v ApPStoru, nez aby platili jinak 9PayPal, ...) ***&#13;&#10;&#13;&#10;&#13;&#10;&quot;Metoda aktualizace&quot; - proste neustale pripominani&#13;&#10; - dat si do profilu FB QR kod na Androidi i iPhone verzi, stridat to&#13;&#10; - na Flickr QR na iPhone verzi - prevazne. Vice zahranicnich lidi s iPhony&#13;&#10; &#13;&#10; " NotifiedIncoming="true" Owner="local" Priority="P3" Reminded="false" RepositoryUrl="local" ScheduledEndDate="2012-05-12 23:59:59.999 +0200" ScheduledStartDate="2012-05-06 00:00:00.0 +0200" Stale="false" TaskId="21" offlineSyncState="SYNCHRONIZED"/><Task Active="false" ConnectorKind="local" CreationDate="2012-05-11 19:13:22.585 +0200" DueDate="" EndDate="2012-05-11 21:35:06.45 +0200" Estimated="0" Handle="local-29" IssueURL="" Kind="task" Label="Rename tag feature" LastModified="now" MarkReadPending="false" ModificationDate="" Notes="button Rename in header of #pageNotesForTag, then dialog like for creating tag&#13;&#10;&#13;&#10;[radek 2012-05-11] done, the button implemented in the bottom of the page" NotifiedIncoming="true" Owner="local" Priority="P3" Reminded="false" RepositoryUrl="local" ScheduledEndDate="2012-05-12 23:59:59.999 +0200" ScheduledStartDate="2012-05-06 00:00:00.0 +0200" Stale="false" TaskId="29" offlineSyncState="SYNCHRONIZED"/><Task Active="false" ConnectorKind="local" CreationDate="2012-05-09 19:52:53.321 +0200" DueDate="" EndDate="" Estimated="0" Handle="local-25" IssueURL="" Kind="task" Label="Probably remove Show mode" LastModified="now" MarkReadPending="false" ModificationDate="" Notes="- I think ithe read only Show mode may be confusing. it is still possible to change tags, favorite, perhaps multimedia (this must be possible for convenience), just the title and body is RO. Is it usefull?&#13;&#10;" NotifiedIncoming="true" Owner="local" Priority="P3" Reminded="false" RepositoryUrl="local" ScheduledEndDate="2012-05-12 23:59:59.999 +0200" ScheduledStartDate="2012-05-06 00:00:00.0 +0200" Stale="false" TaskId="25" offlineSyncState="SYNCHRONIZED"/><Task Active="false" ConnectorKind="local" CreationDate="2012-05-05 16:16:32.817 +0200" DueDate="2012-05-14 00:00:00.0 +0200" EndDate="" Estimated="1" Handle="local-1" IssueURL="" Kind="task" Label="Install Issue tracking system" LastModified="now" MarkReadPending="false" ModificationDate="" Notes="- install an issue tracking system&#13;&#10;- probably Redmine&#13;&#10;  - integration with VCS, support for Eclipse Mylyn&#13;&#10;  (its fork ChilliProject doesn't support e.g. Mylyn)&#13;&#10;" NotifiedIncoming="true" Owner="local" Priority="P3" Reminded="false" RepositoryUrl="local" ScheduledEndDate="2012-05-19 23:59:59.999 +0200" ScheduledStartDate="2012-05-13 00:00:00.0 +0200" Stale="false" TaskId="1" offlineSyncState="SYNCHRONIZED"/><Task Active="false" ConnectorKind="local" CreationDate="2012-05-06 23:47:10.14 +0200" DueDate="" EndDate="" Estimated="0" Handle="local-15" IssueURL="" Kind="task" Label="Animation when retrieving data from DB" LastModified="now" MarkReadPending="false" ModificationDate="" Notes="At least multimedia" NotifiedIncoming="true" Owner="local" Priority="P3" Reminded="false" RepositoryUrl="local" ScheduledEndDate="2012-05-12 23:59:59.999 +0200" ScheduledStartDate="2012-05-06 00:00:00.0 +0200" Stale="false" TaskId="15" offlineSyncState="SYNCHRONIZED"/><Task Active="false" ConnectorKind="local" CreationDate="2012-05-06 20:12:12.790 +0200" DueDate="" EndDate="" Estimated="0" Handle="local-10" IssueURL="" Kind="task" Label="Refactor JavaScript" LastModified="now" MarkReadPending="false" ModificationDate="" Notes="http://addyosmani.com/largescalejavascript/" NotifiedIncoming="true" Owner="local" Priority="P3" Reminded="false" RepositoryUrl="local" ScheduledEndDate="2012-05-12 23:59:59.999 +0200" ScheduledStartDate="2012-05-06 00:00:00.0 +0200" Stale="false" TaskId="10" offlineSyncState="SYNCHRONIZED"/><Task Active="false" ConnectorKind="local" CreationDate="2012-05-06 22:14:30.492 +0200" DueDate="" EndDate="" Estimated="0" Handle="local-12" IssueURL="" Kind="task" Label="Registration to server" LastModified="now" MarkReadPending="false" ModificationDate="" Notes="- probably own MM Notes login (no gmail etc.)&#13;&#10;- user asked for email and password. Must be simple.&#13;&#10;- user can 1) create a new account, 2) log in to existing&#13;&#10;- if the user chooses login to existing and no such account is found (email), the user is informed about it and asked whether to create a new account or retype credentials&#13;&#10;" NotifiedIncoming="true" Owner="local" Priority="P3" Reminded="false" RepositoryUrl="local" ScheduledEndDate="2012-05-12 23:59:59.999 +0200" ScheduledStartDate="2012-05-06 00:00:00.0 +0200" Stale="false" TaskId="12" offlineSyncState="SYNCHRONIZED"/><Task Active="false" ConnectorKind="local" CreationDate="2012-05-05 16:50:16.285 +0200" DueDate="" EndDate="" Estimated="0" Handle="local-5" IssueURL="" Kind="task" Label="Prepare versioning system" LastModified="now" MarkReadPending="false" ModificationDate="" Notes="- will run on the hosted server&#13;&#10;- probably distributed: modern, possible to work incl. some merging, reverting changes, comparing etc. offline, as it will be on the prod. machine, it's better to have more repos (on each computer)&#13;&#10;- probably Git: more used than Mercurial&#13;&#10;" NotifiedIncoming="true" Owner="local" Priority="P3" Reminded="false" RepositoryUrl="local" ScheduledEndDate="2012-05-05 23:59:59.999 +0200" ScheduledStartDate="2012-04-29 00:00:00.0 +0200" Stale="false" TaskId="5" offlineSyncState="SYNCHRONIZED"/><TaskCategory Handle="handle-3" Name="Strategy"><TaskReference Handle="local-21"/></TaskCategory><TaskCategory Handle="handle-1" Name="Server"><TaskReference Handle="local-1"/><TaskReference Handle="local-2"/><TaskReference Handle="local-3"/><TaskReference Handle="local-5"/></TaskCategory><TaskCategory Handle="handle-2" Name="Dev"><TaskReference Handle="local-4"/><TaskReference Handle="local-6"/><TaskReference Handle="local-7"/><TaskReference Handle="local-8"/><TaskReference Handle="local-9"/><TaskReference Handle="local-10"/><TaskReference Handle="local-11"/><TaskReference Handle="local-12"/><TaskReference Handle="local-13"/><TaskReference Handle="local-14"/><TaskReference Handle="local-15"/><TaskReference Handle="local-17"/><TaskReference Handle="local-18"/><TaskReference Handle="local-19"/><TaskReference Handle="local-20"/><TaskReference Handle="local-22"/><TaskReference Handle="local-23"/><TaskReference Handle="local-24"/><TaskReference Handle="local-25"/><TaskReference Handle="local-26"/><TaskReference Handle="local-27"/><TaskReference Handle="local-28"/><TaskReference Handle="local-29"/><TaskReference Handle="local-30"/><TaskReference Handle="local-31"/><TaskReference Handle="local-32"/></TaskCategory><TaskCategory Handle="Uncategorized" Name="Uncategorized"/></TaskList>