<?xml version="1.0" encoding="UTF-8" standalone="no"?><TaskList Version="2.0"><TaskCategory Handle="handle-2" Name="Dev"><TaskReference Handle="local-4"/><TaskReference Handle="local-6"/><TaskReference Handle="local-7"/><TaskReference Handle="local-8"/><TaskReference Handle="local-9"/><TaskReference Handle="local-10"/><TaskReference Handle="local-11"/><TaskReference Handle="local-12"/><TaskReference Handle="local-13"/><TaskReference Handle="local-14"/><TaskReference Handle="local-15"/><TaskReference Handle="local-17"/><TaskReference Handle="local-18"/><TaskReference Handle="local-19"/><TaskReference Handle="local-20"/><TaskReference Handle="local-22"/><TaskReference Handle="local-23"/><TaskReference Handle="local-24"/><TaskReference Handle="local-25"/><TaskReference Handle="local-26"/><TaskReference Handle="local-27"/><TaskReference Handle="local-28"/><TaskReference Handle="local-29"/><TaskReference Handle="local-30"/><TaskReference Handle="local-31"/><TaskReference Handle="local-32"/></TaskCategory></TaskList>